Title,Price (£),Rating,Availability,Price (₦),Price Range (₦),Rating Group
A Light in the Attic,51.77,3,In stock,103540.0,Medium,Medium
Tipping the Velvet,53.74,1,In stock,107480.0,Medium,Low
Soumission,50.1,1,In stock,100200.0,Medium,Low
Sharp Objects,47.82,4,In stock,95640.0,Medium,Medium
Sapiens: A Brief History of Humankind,54.23,5,In stock,108460.0,Medium,High
The Requiem Red,22.65,1,In stock,45300.0,Low,Low
The Dirty Little Secrets of Getting Your Dream Job,33.34,4,In stock,66680.0,Low,Medium
"The Coming Woman: A Novel Based on the Life of the Infamous Feminist, Victoria Woodhull",17.93,3,In stock,35860.0,Very Low,Medium
The Boys in the Boat: Nine Americans and Their Epic Quest for Gold at the 1936 Berlin Olympics,22.6,4,In stock,45200.0,Low,Medium
The Black Maria,52.15,1,In stock,104300.0,Medium,Low
"Starving Hearts (Triangular Trade Trilogy, #1)",13.99,2,In stock,27980.0,Very Low,Low
Shakespeare's Sonnets,20.66,4,In stock,41320.0,Low,Medium
Set Me Free,17.46,5,In stock,34920.0,Very Low,High
Scott Pilgrim's Precious Little Life (Scott Pilgrim #1),52.29,5,In stock,104580.0,Medium,High
Rip it Up and Start Again,35.02,5,In stock,70040.0,Low,High
"Our Band Could Be Your Life: Scenes from the American Indie Underground, 1981-1991",57.25,3,In stock,114500.0,Medium,Medium
Olio,23.88,1,In stock,47760.0,Low,Low
Mesaerion: The Best Science Fiction Stories 1800-1849,37.59,1,In stock,75180.0,Low,Low
Libertarianism for Beginners,51.33,2,In stock,102660.0,Medium,Low
It's Only the Himalayas,45.17,2,In stock,90340.0,Medium,Low
In Her Wake,12.84,1,In stock,25680.0,Very Low,Low
How Music Works,37.32,2,In stock,74640.0,Low,Low
"Foolproof Preserving: A Guide to Small Batch Jams, Jellies, Pickles, Condiments, and More: A Foolproof Guide to Making Small Batch Jams, Jellies, Pickles, Condiments, and More",30.52,3,In stock,61040.0,Low,Medium
Chase Me (Paris Nights #2),25.27,5,In stock,50540.0,Low,High
Black Dust,34.53,5,In stock,69060.0,Low,High
Birdsong: A Story in Pictures,54.64,3,In stock,109280.0,Medium,Medium
America's Cradle of Quarterbacks: Western Pennsylvania's Football Factory from Johnny Unitas to Joe Montana,22.5,3,In stock,45000.0,Low,Medium
Aladdin and His Wonderful Lamp,53.13,3,In stock,106260.0,Medium,Medium
Worlds Elsewhere: Journeys Around Shakespeareâs Globe,40.3,5,In stock,80600.0,Medium,High
Wall and Piece,44.18,4,In stock,88360.0,Medium,Medium
The Four Agreements: A Practical Guide to Personal Freedom,17.66,5,In stock,35320.0,Very Low,High
The Five Love Languages: How to Express Heartfelt Commitment to Your Mate,31.05,3,In stock,62100.0,Low,Medium
The Elephant Tree,23.82,5,In stock,47640.0,Low,High
The Bear and the Piano,36.89,1,In stock,73780.0,Low,Low
Sophie's World,15.94,5,In stock,31880.0,Very Low,High
Penny Maybe,33.29,3,In stock,66580.0,Low,Medium
Maude (1883-1993):She Grew Up with the country,18.02,2,In stock,36040.0,Very Low,Low
"In a Dark, Dark Wood",19.63,1,In stock,39260.0,Very Low,Low
Behind Closed Doors,52.22,4,In stock,104440.0,Medium,Medium
You can't bury them all: Poems,33.63,2,In stock,67260.0,Low,Low
Slow States of Collapse: Poems,57.31,3,In stock,114620.0,Medium,Medium
Reasons to Stay Alive,26.41,2,In stock,52820.0,Low,Low
Private Paris (Private #10),47.61,5,In stock,95220.0,Medium,High
#HigherSelfie: Wake Up Your Life. Free Your Soul. Find Your Tribe.,23.11,5,In stock,46220.0,Low,High
Without Borders (Wanderlove #1),45.07,2,In stock,90140.0,Medium,Low
When We Collided,31.77,1,In stock,63540.0,Low,Low
"We Love You, Charlie Freeman",50.27,5,In stock,100540.0,Medium,High
Untitled Collection: Sabbath Poems 2014,14.27,4,In stock,28540.0,Very Low,Medium
"Unseen City: The Majesty of Pigeons, the Discreet Charm of Snails & Other Wonders of the Urban Wilderness",44.18,4,In stock,88360.0,Medium,Medium
Unicorn Tracks,18.78,3,In stock,37560.0,Very Low,Medium
"Unbound: How Eight Technologies Made Us Human, Transformed Society, and Brought Our World to the Brink",25.52,1,In stock,51040.0,Low,Low
Tsubasa: WoRLD CHRoNiCLE 2 (Tsubasa WoRLD CHRoNiCLE #2),16.28,1,In stock,32560.000000000004,Very Low,Low
Throwing Rocks at the Google Bus: How Growth Became the Enemy of Prosperity,31.12,3,In stock,62240.0,Low,Medium
This One Summer,19.49,4,In stock,38980.0,Very Low,Medium
Thirst,17.27,5,In stock,34540.0,Very Low,High
The Torch Is Passed: A Harding Family Story,19.09,1,In stock,38180.0,Very Low,Low
The Secret of Dreadwillow Carse,56.13,1,In stock,112260.0,Medium,Low
"The Pioneer Woman Cooks: Dinnertime: Comfort Classics, Freezer Food, 16-Minute Meals, and Other Delicious Ways to Solve Supper!",56.41,1,In stock,112820.0,Medium,Low
The Past Never Ends,56.5,4,In stock,113000.0,Medium,Medium
The Natural History of Us (The Fine Art of Pretending #2),45.22,3,In stock,90440.0,Medium,Medium
The Nameless City (The Nameless City #1),38.16,4,In stock,76320.0,Low,Medium
The Murder That Never Was (Forensic Instincts #5),54.11,3,In stock,108220.0,Medium,Medium
The Most Perfect Thing: Inside (and Outside) a Bird's Egg,42.96,4,In stock,85920.0,Medium,Medium
"The Mindfulness and Acceptance Workbook for Anxiety: A Guide to Breaking Free from Anxiety, Phobias, and Worry Using Acceptance and Commitment Therapy",23.89,4,In stock,47780.0,Low,Medium
The Life-Changing Magic of Tidying Up: The Japanese Art of Decluttering and Organizing,16.77,3,In stock,33540.0,Very Low,Medium
"The Inefficiency Assassin: Time Management Tactics for Working Smarter, Not Longer",20.59,5,In stock,41180.0,Low,High
The Gutsy Girl: Escapades for Your Life of Epic Adventure,37.13,1,In stock,74260.0,Low,Low
The Electric Pencil: Drawings from Inside State Hospital No. 3,56.06,1,In stock,112120.0,Medium,Low
The Death of Humanity: and the Case for Life,58.11,4,In stock,116220.0,Medium,Medium
"The Bulletproof Diet: Lose up to a Pound a Day, Reclaim Energy and Focus, Upgrade Your Life",49.05,3,In stock,98100.0,Medium,Medium
The Art Forger,40.76,3,In stock,81520.0,Medium,Medium
The Age of Genius: The Seventeenth Century and the Birth of the Modern Mind,19.73,1,In stock,39460.0,Very Low,Low
The Activist's Tao Te Ching: Ancient Advice for a Modern Revolution,32.24,5,In stock,64480.00000000001,Low,High
Spark Joy: An Illustrated Master Class on the Art of Organizing and Tidying Up,41.83,4,In stock,83660.0,Medium,Medium
Soul Reader,39.58,2,In stock,79160.0,Low,Low
Security,39.25,2,In stock,78500.0,Low,Low
"Saga, Volume 6 (Saga (Collected Editions) #6)",25.02,3,In stock,50040.0,Low,Medium
"Saga, Volume 5 (Saga (Collected Editions) #5)",51.04,2,In stock,102080.0,Medium,Low
Reskilling America: Learning to Labor in the Twenty-First Century,19.83,2,In stock,39660.0,Very Low,Low
"Rat Queens, Vol. 3: Demons (Rat Queens (Collected Editions) #11-15)",50.4,3,In stock,100800.0,Medium,Medium
"Princess Jellyfish 2-in-1 Omnibus, Vol. 01 (Princess Jellyfish 2-in-1 Omnibus #1)",13.61,5,In stock,27220.0,Very Low,High
Princess Between Worlds (Wide-Awake Princess #5),13.34,5,In stock,26680.0,Very Low,High
"Pop Gun War, Volume 1: Gift",18.97,1,In stock,37940.0,Very Low,Low
"Political Suicide: Missteps, Peccadilloes, Bad Calls, Backroom Hijinx, Sordid Pasts, Rotten Breaks, and Just Plain Dumb Mistakes in the Annals of American Politics",36.28,2,In stock,72560.0,Low,Low
Patience,10.16,3,In stock,20320.0,Very Low,Medium
"Outcast, Vol. 1: A Darkness Surrounds Him (Outcast #1)",15.44,4,In stock,30880.0,Very Low,Medium
orange: The Complete Collection 1 (orange: The Complete Collection #1),48.41,1,In stock,96820.0,Medium,Low
Online Marketing for Busy Authors: A Step-By-Step Guide,46.35,1,In stock,92700.0,Medium,Low
On a Midnight Clear,14.07,3,In stock,28140.0,Very Low,Medium
Obsidian (Lux #1),14.86,2,In stock,29720.0,Very Low,Low
My Paris Kitchen: Recipes and Stories,33.37,2,In stock,66740.0,Low,Low
Masks and Shadows,56.4,2,In stock,112800.0,Medium,Low
"Mama Tried: Traditional Italian Cooking for the Screwed, Crude, Vegan, and Tattooed",14.02,4,In stock,28040.0,Very Low,Medium
"Lumberjanes, Vol. 2: Friendship to the Max (Lumberjanes #5-8)",46.91,2,In stock,93820.0,Medium,Low
"Lumberjanes, Vol. 1: Beware the Kitten Holy (Lumberjanes #1-4)",45.61,3,In stock,91220.0,Medium,Medium
Lumberjanes Vol. 3: A Terrible Plan (Lumberjanes #9-12),19.92,2,In stock,39840.0,Very Low,Low
"Layered: Baking, Building, and Styling Spectacular Cakes",40.11,1,In stock,80220.0,Medium,Low
Judo: Seven Steps to Black Belt (an Introductory Guide for Beginners),53.9,2,In stock,107800.0,Medium,Low
Join,35.67,5,In stock,71340.0,Low,High
In the Country We Love: My Family Divided,22.0,4,In stock,44000.0,Low,Medium
Immunity: How Elie Metchnikoff Changed the Course of Modern Medicine,57.36,5,In stock,114720.0,Medium,High
"I Hate Fairyland, Vol. 1: Madly Ever After (I Hate Fairyland (Compilations) #1-5)",29.17,2,In stock,58340.0,Low,Low
I am a Hero Omnibus Volume 1,54.63,3,In stock,109260.0,Medium,Medium
How to Be Miserable: 40 Strategies You Already Use,46.03,1,In stock,92060.0,Medium,Low
Her Backup Boyfriend (The Sorensen Family #1),33.97,1,In stock,67940.0,Low,Low
"Giant Days, Vol. 2 (Giant Days #5-8)",22.11,2,In stock,44220.0,Low,Low
Forever and Forever: The Courtship of Henry Longfellow and Fanny Appleton,29.69,3,In stock,59380.0,Low,Medium
First and First (Five Boroughs #3),15.97,4,In stock,31940.0,Very Low,Medium
Fifty Shades Darker (Fifty Shades #2),21.96,1,In stock,43920.0,Low,Low
Everydata: The Misinformation Hidden in the Little Data You Consume Every Day,54.35,2,In stock,108700.0,Medium,Low
"Don't Be a Jerk: And Other Practical Advice from Dogen, Japan's Greatest Zen Master",37.97,2,In stock,75940.0,Low,Low
Danganronpa Volume 1,51.99,4,In stock,103980.0,Medium,Medium
Crown of Midnight (Throne of Glass #2),43.29,3,In stock,86580.0,Medium,Medium
"Codename Baboushka, Volume 1: The Conclave of Death",36.72,4,In stock,73440.0,Low,Medium
Camp Midnight,17.08,4,In stock,34160.0,Very Low,Medium
Call the Nurse: True Stories of a Country Nurse on a Scottish Isle,29.14,5,In stock,58280.0,Low,High
Burning,28.81,3,In stock,57620.0,Low,Medium
Bossypants,49.46,2,In stock,98920.0,Medium,Low
"Bitch Planet, Vol. 1: Extraordinary Machine (Bitch Planet (Collected Editions))",37.92,2,In stock,75840.0,Low,Low
"Avatar: The Last Airbender: Smoke and Shadow, Part 3 (Smoke and Shadow #3)",28.09,2,In stock,56180.0,Low,Low
Algorithms to Live By: The Computer Science of Human Decisions,30.81,1,In stock,61620.0,Low,Low
A World of Flavor: Your Gluten Free Passport,42.95,1,In stock,85900.0,Medium,Low
"A Piece of Sky, a Grain of Rice: A Memoir in Four Meditations",56.76,5,In stock,113520.0,Medium,High
A Murder in Time,16.64,1,In stock,33280.0,Very Low,Low
A Flight of Arrows (The Pathfinders #2),55.53,5,In stock,111060.0,Medium,High
A Fierce and Subtle Poison,28.13,4,In stock,56260.0,Low,Medium
A Court of Thorns and Roses (A Court of Thorns and Roses #1),52.37,1,In stock,104740.0,Medium,Low
(Un)Qualified: How God Uses Broken People to Do Big Things,54.0,5,In stock,108000.0,Medium,High
You Are What You Love: The Spiritual Power of Habit,21.87,4,In stock,43740.0,Low,Medium
"William Shakespeare's Star Wars: Verily, A New Hope (William Shakespeare's Star Wars #4)",43.3,4,In stock,86600.0,Medium,Medium
Tuesday Nights in 1980,21.04,2,In stock,42080.0,Low,Low
Tracing Numbers on a Train,41.6,3,In stock,83200.0,Medium,Medium
Throne of Glass (Throne of Glass #1),35.07,3,In stock,70140.0,Low,Medium
Thomas Jefferson and the Tripoli Pirates: The Forgotten War That Changed American History,59.64,1,In stock,119280.0,Medium,Low
Thirteen Reasons Why,52.72,1,In stock,105440.0,Medium,Low
The White Cat and the Monk: A Retelling of the Poem âPangur BÃ¡nâ,58.08,4,In stock,116160.0,Medium,Medium
The Wedding Dress,24.12,1,In stock,48240.0,Low,Low
The Vacationers,42.15,4,In stock,84300.0,Medium,Medium
The Third Wave: An Entrepreneurâs Vision of the Future,12.61,5,In stock,25220.0,Very Low,High
The Stranger,17.44,4,In stock,34880.0,Very Low,Medium
The Shadow Hero (The Shadow Hero),33.14,1,In stock,66280.0,Low,Low
The Secret (The Secret #1),27.37,4,In stock,54740.0,Low,Medium
The Regional Office Is Under Attack!,51.36,5,In stock,102720.0,Medium,High
The Psychopath Test: A Journey Through the Madness Industry,36.0,2,In stock,72000.0,Low,Low
The Project,10.65,1,In stock,21300.0,Very Low,Low
The Power of Now: A Guide to Spiritual Enlightenment,43.54,2,In stock,87080.0,Medium,Low
The Omnivore's Dilemma: A Natural History of Four Meals,38.21,2,In stock,76420.0,Low,Low
The Nerdy Nummies Cookbook: Sweet Treats for the Geek in All of Us,37.34,5,In stock,74680.0,Low,High
The Murder of Roger Ackroyd (Hercule Poirot #4),44.1,4,In stock,88200.0,Medium,Medium
The Mistake (Off-Campus #2),43.29,3,In stock,86580.0,Medium,Medium
The Matchmaker's Playbook (Wingmen Inc. #1),55.85,1,In stock,111700.0,Medium,Low
The Love and Lemons Cookbook: An Apple-to-Zucchini Celebration of Impromptu Cooking,37.6,2,In stock,75200.0,Low,Low
The Long Shadow of Small Ghosts: Murder and Memory in an American City,10.97,1,In stock,21940.0,Very Low,Low
The Kite Runner,41.82,4,In stock,83640.0,Medium,Medium
The House by the Lake,36.95,1,In stock,73900.0,Low,Low
The Glittering Court (The Glittering Court #1),44.28,1,In stock,88560.0,Medium,Low
The Girl on the Train,55.02,2,In stock,110040.0,Medium,Low
The Genius of Birds,17.24,1,In stock,34480.0,Very Low,Low
The Emerald Mystery,23.15,2,In stock,46300.0,Low,Low
The Cookies & Cups Cookbook: 125+ sweet & savory recipes reminding you to Always Eat Dessert First,41.25,1,In stock,82500.0,Medium,Low
The Bridge to Consciousness: I'm Writing the Bridge Between Science and Our Old and New Beliefs.,32.0,3,In stock,64000.0,Low,Medium
The Artist's Way: A Spiritual Path to Higher Creativity,38.49,5,In stock,76980.0,Low,High
The Art of War,33.34,5,In stock,66680.0,Low,High
The Argonauts,10.93,2,In stock,21860.0,Very Low,Low
The 10% Entrepreneur: Live Your Startup Dream Without Quitting Your Day Job,27.55,3,In stock,55100.0,Low,Medium
Suddenly in Love (Lake Haven #1),55.99,2,In stock,111980.0,Medium,Low
Something More Than This,16.24,4,In stock,32479.999999999996,Very Low,Medium
Soft Apocalypse,26.12,2,In stock,52240.0,Low,Low
So You've Been Publicly Shamed,12.23,2,In stock,24460.0,Very Low,Low
Shoe Dog: A Memoir by the Creator of NIKE,23.99,2,In stock,47980.0,Low,Low
"Shobu Samurai, Project Aryoku (#3)",29.06,3,In stock,58120.0,Low,Medium
Secrets and Lace (Fatal Hearts #1),20.27,1,In stock,40540.0,Low,Low
Scarlett Epstein Hates It Here,43.55,5,In stock,87100.0,Medium,High
Romero and Juliet: A Tragic Tale of Love and Zombies,36.94,1,In stock,73880.0,Low,Low
Redeeming Love,20.47,5,In stock,40940.0,Low,High
Poses for Artists Volume 1 - Dynamic and Sitting Poses: An Essential Reference for Figure Drawing and the Human Form,41.06,1,In stock,82120.0,Medium,Low
Poems That Make Grown Women Cry,14.19,4,In stock,28380.0,Very Low,Medium
"Nightingale, Sing",38.28,1,In stock,76560.0,Low,Low
Night Sky with Exit Wounds,41.05,1,In stock,82100.0,Medium,Low
Mrs. Houdini,30.25,5,In stock,60500.0,Low,High
Modern Romance,28.26,5,In stock,56520.0,Low,High
Miss Peregrineâs Home for Peculiar Children (Miss Peregrineâs Peculiar Children #1),10.76,1,In stock,21520.0,Very Low,Low
Louisa: The Extraordinary Life of Mrs. Adams,16.85,2,In stock,33700.0,Very Low,Low
Little Red,13.47,3,In stock,26940.0,Very Low,Medium
Library of Souls (Miss Peregrineâs Peculiar Children #3),48.56,5,In stock,97120.0,Medium,High
Large Print Heart of the Pride,19.15,2,In stock,38300.0,Very Low,Low
I Had a Nice Time And Other Lies...: How to find love & sh*t like that,57.36,4,In stock,114720.0,Medium,Medium
Hollow City (Miss Peregrineâs Peculiar Children #2),42.98,1,In stock,85960.0,Medium,Low
Grumbles,22.16,2,In stock,44320.0,Low,Low
Full Moon over Noahâs Ark: An Odyssey to Mount Ararat and Beyond,49.43,4,In stock,98860.0,Medium,Medium
Frostbite (Vampire Academy #2),29.99,5,In stock,59980.0,Low,High
Follow You Home,21.36,1,In stock,42720.0,Low,Low
First Steps for New Christians (Print Edition),29.0,1,In stock,58000.0,Low,Low
Finders Keepers (Bill Hodges Trilogy #2),53.53,5,In stock,107060.0,Medium,High
"Fables, Vol. 1: Legends in Exile (Fables #1)",41.62,4,In stock,83240.0,Medium,Medium
Eureka Trivia 6.0,54.59,4,In stock,109180.0,Medium,Medium
Drive: The Surprising Truth About What Motivates Us,34.95,4,In stock,69900.0,Low,Medium
Done Rubbed Out (Reightman & Bailey #1),37.72,5,In stock,75440.0,Low,High
Doing It Over (Most Likely To #1),35.61,3,In stock,71220.0,Low,Medium
"Deliciously Ella Every Day: Quick and Easy Recipes for Gluten-Free Snacks, Packed Lunches, and Simple Meals",42.16,3,In stock,84320.0,Medium,Medium
Dark Notes,19.19,5,In stock,38380.0,Very Low,High
"Daring Greatly: How the Courage to Be Vulnerable Transforms the Way We Live, Love, Parent, and Lead",19.43,3,In stock,38860.0,Very Low,Medium
Close to You,49.46,4,In stock,98920.0,Medium,Medium
Chasing Heaven: What Dying Taught Me About Living,37.8,2,In stock,75600.0,Low,Low
Big Magic: Creative Living Beyond Fear,30.8,3,In stock,61600.0,Low,Medium
Becoming Wise: An Inquiry into the Mystery and Art of Living,27.43,2,In stock,54860.0,Low,Low
Beauty Restored (Riley Family Legacy Novellas #3),11.11,2,In stock,22220.0,Very Low,Low
Batman: The Long Halloween (Batman),36.5,2,In stock,73000.0,Low,Low
Batman: The Dark Knight Returns (Batman),15.38,5,In stock,30760.0,Very Low,High
Ayumi's Violin,15.48,2,In stock,30960.0,Very Low,Low
Anonymous,46.82,4,In stock,93640.0,Medium,Medium
Amy Meets the Saints and Sages,18.46,3,In stock,36920.0,Very Low,Medium
Amid the Chaos,36.58,1,In stock,73160.0,Low,Low
Amatus,50.54,5,In stock,101080.0,Medium,High
Agnostic: A Spirited Manifesto,12.51,5,In stock,25020.0,Very Low,High
Zealot: The Life and Times of Jesus of Nazareth,24.7,3,In stock,49400.0,Low,Medium
You (You #1),43.61,5,In stock,87220.0,Medium,High
"Wonder Woman: Earth One, Volume One (Wonder Woman: Earth One #1)",37.34,4,In stock,74680.0,Low,Medium
Wild Swans,14.36,2,In stock,28720.0,Very Low,Low
Why the Right Went Wrong: Conservatism--From Goldwater to the Tea Party and Beyond,52.65,4,In stock,105300.0,Medium,Medium
Whole Lotta Creativity Going On: 60 Fun and Unusual Exercises to Awaken and Strengthen Your Creativity,38.2,4,In stock,76400.0,Low,Medium
What's It Like in Space?: Stories from Astronauts Who've Been There,19.6,2,In stock,39200.0,Very Low,Low
"We Are Robin, Vol. 1: The Vigilante Business (We Are Robin #1)",53.9,1,In stock,107800.0,Medium,Low
Walt Disney's Alice in Wonderland,12.96,5,In stock,25920.0,Very Low,High
V for Vendetta (V for Vendetta Complete),37.1,4,In stock,74200.0,Low,Medium
Until Friday Night (The Field Party #1),46.31,2,In stock,92620.0,Medium,Low
"Unbroken: A World War II Story of Survival, Resilience, and Redemption",45.95,2,In stock,91900.0,Medium,Low
Twenty Yawns,22.08,2,In stock,44160.0,Low,Low
Through the Woods,25.38,2,In stock,50760.0,Low,Low
This Is Where It Ends,27.12,2,In stock,54240.0,Low,Low
The Year of Magical Thinking,43.04,2,In stock,86080.0,Medium,Low
The Wright Brothers,56.8,4,In stock,113600.0,Medium,Medium
The White Queen (The Cousins' War #1),25.91,5,In stock,51820.0,Low,High
The Wedding Pact (The O'Malleys #2),32.61,3,In stock,65220.0,Low,Medium
The Time Keeper,27.88,5,In stock,55760.0,Low,High
The Testament of Mary,52.67,4,In stock,105340.0,Medium,Medium
The Star-Touched Queen,46.02,5,In stock,92040.0,Medium,High
The Songs of the Gods,44.48,5,In stock,88960.0,Medium,High
The Song of Achilles,37.4,5,In stock,74800.0,Low,High
The Rosie Project (Don Tillman #1),54.04,1,In stock,108080.0,Medium,Low
The Power of Habit: Why We Do What We Do in Life and Business,16.88,3,In stock,33760.0,Very Low,Medium
The Marriage of Opposites,28.08,4,In stock,56160.0,Low,Medium
The Lucifer Effect: Understanding How Good People Turn Evil,10.4,1,In stock,20800.0,Very Low,Low
The Long Haul (Diary of a Wimpy Kid #9),44.07,1,In stock,88140.0,Medium,Low
The Loney,23.4,1,In stock,46800.0,Low,Low
The Literature Book (Big Ideas Simply Explained),17.43,3,In stock,34860.0,Very Low,Medium
The Last Mile (Amos Decker #2),54.21,2,In stock,108420.0,Medium,Low
The Immortal Life of Henrietta Lacks,40.67,2,In stock,81340.0,Medium,Low
The Hidden Oracle (The Trials of Apollo #1),52.26,2,In stock,104520.0,Medium,Low
The Help Yourself Cookbook for Kids: 60 Easy Plant-Based Recipes Kids Can Make to Stay Healthy and Save the Earth,28.77,3,In stock,57540.0,Low,Medium
The Guilty (Will Robie #4),13.82,2,In stock,27640.0,Very Low,Low
The First Hostage (J.B. Collins #2),25.85,3,In stock,51700.0,Low,Medium
The Dovekeepers,48.78,1,In stock,97560.0,Medium,Low
The Darkest Lie,35.35,5,In stock,70700.0,Low,High
The Bane Chronicles (The Bane Chronicles #1-11),44.73,4,In stock,89460.0,Medium,Medium
The Bad-Ass Librarians of Timbuktu: And Their Race to Save the Worldâs Most Precious Manuscripts,15.77,1,In stock,31540.0,Very Low,Low
The 14th Colony (Cotton Malone #11),39.24,1,In stock,78480.0,Low,Low
That Darkness (Gardiner and Renner #1),13.92,1,In stock,27840.0,Very Low,Low
Tastes Like Fear (DI Marnie Rome #3),10.69,1,In stock,21380.0,Very Low,Low
Take Me with You,45.21,3,In stock,90420.0,Medium,Medium
Swell: A Year of Waves,45.58,1,In stock,91160.0,Medium,Low
Superman Vol. 1: Before Truth (Superman by Gene Luen Yang #1),11.89,5,In stock,23780.0,Very Low,High
Still Life with Bread Crumbs,26.41,3,In stock,52820.0,Low,Medium
Steve Jobs,39.5,5,In stock,79000.0,Low,High
Sorting the Beef from the Bull: The Science of Food Fraud Forensics,44.74,4,In stock,89480.0,Medium,Medium
Someone Like You (The Harrisons #2),52.79,5,In stock,105580.0,Medium,High
"So Cute It Hurts!!, Vol. 6 (So Cute It Hurts!! #6)",35.43,4,In stock,70860.0,Low,Medium
Shtum,55.84,4,In stock,111680.0,Medium,Medium
See America: A Celebration of Our National Parks & Treasured Sites,48.87,3,In stock,97740.0,Medium,Medium
salt.,46.78,4,In stock,93560.0,Medium,Medium
Robin War,47.82,3,In stock,95640.0,Medium,Medium
"Red Hood/Arsenal, Vol. 1: Open for Business (Red Hood/Arsenal #1)",25.48,2,In stock,50960.0,Low,Low
Rain Fish,23.57,3,In stock,47140.0,Low,Medium
"Quarter Life Poetry: Poems for the Young, Broke and Hangry",50.89,5,In stock,101780.0,Medium,High
Pet Sematary,10.56,3,In stock,21120.0,Very Low,Medium
"Overload: How to Unplug, Unwind, and Unleash Yourself from the Pressure of Stress",52.15,3,In stock,104300.0,Medium,Medium
Once Was a Time,18.28,2,In stock,36560.0,Very Low,Low
Old School (Diary of a Wimpy Kid #10),11.83,5,In stock,23660.0,Very Low,High
No Dream Is Too High: Life Lessons From a Man Who Walked on the Moon,21.95,2,In stock,43900.0,Low,Low
"Naruto (3-in-1 Edition), Vol. 14: Includes Vols. 40, 41 & 42 (Naruto: Omnibus #14)",38.39,2,In stock,76780.0,Low,Low
My Name Is Lucy Barton,41.56,1,In stock,83120.0,Medium,Low
My Mrs. Brown,24.48,3,In stock,48960.0,Low,Medium
My Kind of Crazy,40.36,1,In stock,80720.0,Medium,Low
Mr. Mercedes (Bill Hodges Trilogy #1),28.9,1,In stock,57800.0,Low,Low
More Than Music (Chasing the Dream #1),37.61,2,In stock,75220.0,Low,Low
Made to Stick: Why Some Ideas Survive and Others Die,38.85,5,In stock,77700.0,Low,High
Luis Paints the World,53.95,3,In stock,107900.0,Medium,Medium
Luckiest Girl Alive,49.83,3,In stock,99660.0,Medium,Medium
Lowriders to the Center of the Earth (Lowriders in Space #2),51.51,2,In stock,103020.0,Medium,Low
Love Is a Mix Tape (Music #1),18.03,1,In stock,36060.0,Very Low,Low
Looking for Lovely: Collecting the Moments that Matter,29.14,5,In stock,58280.0,Low,High
"Living Leadership by Insight: A Good Leader Achieves, a Great Leader Builds Monuments",46.91,4,In stock,93820.0,Medium,Medium
Let It Out: A Journey Through Journaling,26.79,5,In stock,53580.0,Low,High
Lady Midnight (The Dark Artifices #1),16.28,5,In stock,32560.000000000004,Very Low,High
"It's All Easy: Healthy, Delicious Weeknight Meals in under 30 Minutes",19.55,1,In stock,39100.0,Very Low,Low
Island of Dragons (Unwanteds #7),29.65,1,In stock,59300.0,Low,Low
I Know What I'm Doing -- and Other Lies I Tell Myself: Dispatches from a Life Under Construction,25.98,4,In stock,51960.0,Low,Medium
I Am Pilgrim (Pilgrim #1),10.6,4,In stock,21200.0,Very Low,Medium
"Hyperbole and a Half: Unfortunate Situations, Flawed Coping Mechanisms, Mayhem, and Other Things That Happened",14.75,5,In stock,29500.0,Very Low,High
"Hush, Hush (Hush, Hush #1)",47.02,3,In stock,94040.0,Medium,Medium
Hold Your Breath (Search and Rescue #1),28.82,1,In stock,57640.0,Low,Low
Hamilton: The Revolution,58.79,3,In stock,117580.0,Medium,Medium
Greek Mythic History,10.23,5,In stock,20460.0,Very Low,High
God: The Most Unpleasant Character in All Fiction,30.03,5,In stock,60060.0,Low,High
Glory over Everything: Beyond The Kitchen House,45.84,3,In stock,91680.0,Medium,Medium
Feathers: Displays of Brilliant Plumage,49.05,3,In stock,98100.0,Medium,Medium
"Far & Away: Places on the Brink of Change: Seven Continents, Twenty-Five Years",15.06,4,In stock,30120.0,Very Low,Medium
Every Last Word,46.47,3,In stock,92940.0,Medium,Medium
Eligible (The Austen Project #4),27.09,3,In stock,54180.0,Low,Medium
El Deafo,57.62,5,In stock,115240.0,Medium,High
Eight Hundred Grapes,14.39,4,In stock,28780.0,Very Low,Medium
"Eaternity: More than 150 Deliciously Easy Vegan Recipes for a Long, Healthy, Satisfied, Joyful Life",51.75,5,In stock,103500.0,Medium,High
"Eat Fat, Get Thin",54.07,2,In stock,108140.0,Medium,Low
Don't Get Caught,55.35,1,In stock,110700.0,Medium,Low
Doctor Sleep (The Shining #2),40.12,2,In stock,80240.0,Medium,Low
Demigods & Magicians: Percy and Annabeth Meet the Kanes (Percy Jackson & Kane Chronicles Crossover #1-3),37.51,5,In stock,75020.0,Low,High
Dear Mr. Knightley,11.21,5,In stock,22420.0,Very Low,High
Daily Fantasy Sports,36.58,1,In stock,73160.0,Low,Low
Crazy Love: Overwhelmed by a Relentless God,47.72,2,In stock,95440.0,Medium,Low
Cometh the Hour (The Clifton Chronicles #6),25.01,3,In stock,50020.0,Low,Medium
Code Name Verity (Code Name Verity #1),22.13,4,In stock,44260.0,Low,Medium
Clockwork Angel (The Infernal Devices #1),44.14,1,In stock,88280.0,Medium,Low
City of Glass (The Mortal Instruments #3),56.02,4,In stock,112040.0,Medium,Medium
City of Fallen Angels (The Mortal Instruments #4),11.23,4,In stock,22460.0,Very Low,Medium
City of Bones (The Mortal Instruments #1),43.28,1,In stock,86560.0,Medium,Low
City of Ashes (The Mortal Instruments #2),47.27,1,In stock,94540.0,Medium,Low
Cell,20.29,4,In stock,40580.0,Low,Medium
Catching Jordan (Hundred Oaks),50.83,3,In stock,101660.0,Medium,Medium
"Carry On, Warrior: Thoughts on Life Unarmed",31.85,3,In stock,63700.0,Low,Medium
Carrie,46.23,2,In stock,92460.0,Medium,Low
Buying In: The Secret Dialogue Between What We Buy and Who We Are,37.8,4,In stock,75600.0,Low,Medium
Brain on Fire: My Month of Madness,49.32,5,In stock,98640.0,Medium,High
Batman: Europa,32.01,2,In stock,64019.99999999999,Low,Low
Barefoot Contessa Back to Basics,28.01,1,In stock,56020.0,Low,Low
Barefoot Contessa at Home: Everyday Recipes You'll Make Over and Over Again,50.62,5,In stock,101240.0,Medium,High
Balloon Animals,17.03,3,In stock,34060.0,Very Low,Medium
Art Ops Vol. 1,48.8,3,In stock,97600.0,Medium,Medium
Aristotle and Dante Discover the Secrets of the Universe (Aristotle and Dante Discover the Secrets of the Universe #1),58.14,4,In stock,116280.0,Medium,Medium
Angels Walking (Angels Walking #1),34.2,2,In stock,68400.0,Low,Low
Angels & Demons (Robert Langdon #1),51.48,3,In stock,102960.0,Medium,Medium
All the Light We Cannot See,29.87,5,In stock,59740.0,Low,High
"Adulthood Is a Myth: A ""Sarah's Scribbles"" Collection",10.9,2,In stock,21800.0,Very Low,Low
Abstract City,56.37,5,In stock,112740.0,Medium,High
A Time of Torment (Charlie Parker #14),48.35,5,In stock,96700.0,Medium,High
A Study in Scarlet (Sherlock Holmes #1),16.73,2,In stock,33460.0,Very Low,Low
"A Series of Catastrophes and Miracles: A True Story of Love, Science, and Cancer",56.48,2,In stock,112960.0,Medium,Low
A People's History of the United States,40.79,2,In stock,81580.0,Medium,Low
A Man Called Ove,39.72,1,In stock,79440.0,Low,Low
A Distant Mirror: The Calamitous 14th Century,14.58,3,In stock,29160.0,Very Low,Medium
A Brush of Wings (Angels Walking #3),55.51,1,In stock,111020.0,Medium,Low
1491: New Revelations of the Americas Before Columbus,21.8,3,In stock,43600.0,Low,Medium
"The Three Searches, Meaning, and the Story",13.33,3,In stock,26660.0,Very Low,Medium
Searching for Meaning in Gailana,38.73,1,In stock,77460.0,Low,Low
Rook,37.86,4,In stock,75720.0,Low,Medium
My Kitchen Year: 136 Recipes That Saved My Life,11.53,2,In stock,23060.0,Very Low,Low
13 Hours: The Inside Account of What Really Happened In Benghazi,27.06,1,In stock,54120.0,Low,Low
Will You Won't You Want Me?,13.86,3,In stock,27720.0,Very Low,Medium
Tipping Point for Planet Earth: How Close Are We to the Edge?,37.55,1,In stock,75100.0,Low,Low
The Star-Touched Queen,32.3,5,In stock,64599.99999999999,Low,High
The Silent Sister (Riley MacPherson #1),46.29,5,In stock,92580.0,Medium,High
The Midnight Watch: A Novel of the Titanic and the Californian,26.2,1,In stock,52400.0,Low,Low
The Lonely City: Adventures in the Art of Being Alone,33.26,2,In stock,66520.0,Low,Low
The Gray Rhino: How to Recognize and Act on the Obvious Dangers We Ignore,59.15,4,In stock,118300.0,Medium,Medium
The Golden Condom: And Other Essays on Love Lost and Found,39.43,1,In stock,78860.0,Low,Low
The Epidemic (The Program 0.6),14.44,5,In stock,28880.0,Very Low,High
The Dinner Party,56.54,2,In stock,113080.0,Medium,Low
The Diary of a Young Girl,59.9,3,In stock,119800.0,Medium,Medium
The Children,11.88,3,In stock,23760.0,Very Low,Medium
Stars Above (The Lunar Chronicles #4.5),48.05,2,In stock,96100.0,Medium,Low
Snatched: How A Drug Queen Went Undercover for the DEA and Was Kidnapped By Colombian Guerillas,21.21,3,In stock,42420.0,Low,Medium
Raspberry Pi Electronics Projects for the Evil Genius,49.67,4,In stock,99340.0,Medium,Medium
Quench Your Own Thirst: Business Lessons Learned Over a Beer or Two,43.14,1,In stock,86280.0,Medium,Low
Psycho: Sanitarium (Psycho #1.5),36.97,5,In stock,73940.0,Low,High
Poisonous (Max Revere Novels #3),26.8,3,In stock,53600.0,Low,Medium
One with You (Crossfire #5),15.71,4,In stock,31420.0,Very Low,Medium
No Love Allowed (Dodge Cove #1),54.65,4,In stock,109300.0,Medium,Medium
Murder at the 42nd Street Library (Raymond Ambler #1),54.36,4,In stock,108720.0,Medium,Medium
Most Wanted,35.28,3,In stock,70560.0,Low,Medium
"Love, Lies and Spies",20.55,2,In stock,41100.0,Low,Low
How to Speak Golf: An Illustrated Guide to Links Lingo,58.32,5,In stock,116640.0,Medium,High
Hide Away (Eve Duncan #20),11.84,1,In stock,23680.0,Very Low,Low
Furiously Happy: A Funny Book About Horrible Things,41.46,4,In stock,82920.0,Medium,Medium
Everyday Italian: 125 Simple and Delicious Recipes,20.1,5,In stock,40200.0,Low,High
Equal Is Unfair: America's Misguided Fight Against Income Inequality,56.86,1,In stock,113720.0,Medium,Low
Eleanor & Park,56.51,5,In stock,113020.0,Medium,High
Dirty (Dive Bar #1),40.83,4,In stock,81660.0,Medium,Medium
Can You Keep a Secret? (Fear Street Relaunch #4),48.64,1,In stock,97280.0,Medium,Low
Boar Island (Anna Pigeon #19),59.48,3,In stock,118960.0,Medium,Medium
A Paris Apartment,39.01,4,In stock,78020.0,Low,Medium
"A la Mode: 120 Recipes in 60 Pairings: Pies, Tarts, Cakes, Crisps, and More Topped with Ice Cream, Gelato, Frozen Custard, and More",38.77,1,In stock,77540.0,Low,Low
Troublemaker: Surviving Hollywood and Scientology,48.39,2,In stock,96780.0,Medium,Low
The Widow,27.26,2,In stock,54520.0,Low,Low
"The Sleep Revolution: Transforming Your Life, One Night at a Time",11.68,4,In stock,23360.0,Very Low,Medium
The Improbability of Love,59.45,1,In stock,118900.0,Medium,Low
The Art of Startup Fundraising,21.0,3,In stock,42000.0,Low,Medium
Take Me Home Tonight (Rock Star Romance #3),53.98,3,In stock,107960.0,Medium,Medium
Sleeping Giants (Themis Files #1),48.74,1,In stock,97480.0,Medium,Low
"Setting the World on Fire: The Brief, Astonishing Life of St. Catherine of Siena",21.15,2,In stock,42300.0,Low,Low
Playing with Fire,13.71,3,In stock,27420.0,Very Low,Medium
Off the Hook (Fishing for Trouble #1),47.67,3,In stock,95340.0,Medium,Medium
Mothering Sunday,13.34,2,In stock,26680.0,Very Low,Low
"Mother, Can You Not?",16.89,5,In stock,33780.0,Very Low,High
M Train,27.18,1,In stock,54360.0,Low,Low
Lilac Girls,17.28,2,In stock,34560.0,Very Low,Low
Lies and Other Acts of Love,45.14,1,In stock,90280.0,Medium,Low
Lab Girl,40.85,1,In stock,81700.0,Medium,Low
Keep Me Posted,20.46,4,In stock,40920.0,Low,Medium
It Didn't Start with You: How Inherited Family Trauma Shapes Who We Are and How to End the Cycle,56.27,3,In stock,112540.0,Medium,Medium
Grey (Fifty Shades #4),48.49,4,In stock,96980.0,Medium,Medium
"Exit, Pursued by a Bear",51.34,4,In stock,102680.0,Medium,Medium
Daredevils,16.34,3,In stock,32680.0,Very Low,Medium
Cravings: Recipes for What You Want to Eat,20.5,3,In stock,41000.0,Low,Medium
Born for This: How to Find the Work You Were Meant to Do,21.59,5,In stock,43180.0,Low,High
Arena,21.36,4,In stock,42720.0,Low,Medium
Adultery,20.88,5,In stock,41760.0,Low,High
A Mother's Reckoning: Living in the Aftermath of Tragedy,19.53,3,In stock,39060.0,Very Low,Medium
A Gentleman's Position (Society of Gentlemen #3),14.75,5,In stock,29500.0,Very Low,High
11/22/63,48.48,3,In stock,96960.0,Medium,Medium
"10% Happier: How I Tamed the Voice in My Head, Reduced Stress Without Losing My Edge, and Found Self-Help That Actually Works",24.57,2,In stock,49140.0,Low,Low
10-Day Green Smoothie Cleanse: Lose Up to 15 Pounds in 10 Days!,49.71,5,In stock,99420.0,Medium,High
Without Shame,48.27,5,In stock,96540.0,Medium,High
Watchmen,58.05,4,In stock,116100.0,Medium,Medium
Unlimited Intuition Now,58.87,4,In stock,117740.0,Medium,Medium
Underlying Notes,11.82,2,In stock,23640.0,Very Low,Low
The Shack,28.03,1,In stock,56060.0,Low,Low
The New Brand You: Your New Image Makes the Sale for You,44.05,5,In stock,88100.0,Medium,High
"The Moosewood Cookbook: Recipes from Moosewood Restaurant, Ithaca, New York",12.34,4,In stock,24680.0,Very Low,Medium
The Flowers Lied,16.68,2,In stock,33360.0,Very Low,Low
"The Fabric of the Cosmos: Space, Time, and the Texture of Reality",55.91,1,In stock,111820.0,Medium,Low
The Book of Mormon,24.57,3,In stock,49140.0,Low,Medium
The Art and Science of Low Carbohydrate Living,52.98,5,In stock,105960.0,Medium,High
The Alien Club,54.4,1,In stock,108800.0,Medium,Low
Suzie Snowflake: One beautiful flake (a self-esteem story),54.81,5,In stock,109620.0,Medium,High
Nap-a-Roo,25.08,1,In stock,50160.0,Low,Low
"NaNo What Now? Finding your editing process, revising your NaNoWriMo book and building a writing career through publishing and beyond",10.41,4,In stock,20820.0,Very Low,Medium
Modern Day Fables,47.44,2,In stock,94880.0,Medium,Low
If I Gave You God's Phone Number....: Searching for Spirituality in America,20.91,1,In stock,41820.0,Low,Low
"Fruits Basket, Vol. 9 (Fruits Basket #9)",33.95,4,In stock,67900.0,Low,Medium
Dress Your Family in Corduroy and Denim,43.68,3,In stock,87360.0,Medium,Medium
Don't Forget Steven,33.23,1,In stock,66460.0,Low,Low
Chernobyl 01:23:40: The Incredible True Story of the World's Worst Nuclear Disaster,35.92,2,In stock,71840.0,Low,Low
Art and Fear: Observations on the Perils (and Rewards) of Artmaking,48.63,4,In stock,97260.0,Medium,Medium
A Shard of Ice (The Black Symphony Saga #1),56.63,3,In stock,113260.0,Medium,Medium
A Hero's Curse (The Unseen Chronicles #1),50.49,3,In stock,100980.0,Medium,Medium
23 Degrees South: A Tropical Tale of Changing Whether...,35.79,2,In stock,71580.0,Low,Low
"Zero to One: Notes on Startups, or How to Build the Future",34.06,3,In stock,68120.0,Low,Medium
Why Not Me?,17.76,1,In stock,35520.0,Very Low,Low
When Breath Becomes Air,39.36,2,In stock,78720.0,Low,Low
Vagabonding: An Uncommon Guide to the Art of Long-Term World Travel,36.94,2,In stock,73880.0,Low,Low
The Unlikely Pilgrimage of Harold Fry (Harold Fry #1),43.62,5,In stock,87240.0,Medium,High
The New Drawing on the Right Side of the Brain,43.02,3,In stock,86040.0,Medium,Medium
"The Midnight Assassin: Panic, Scandal, and the Hunt for America's First Serial Killer",28.45,4,In stock,56900.0,Low,Medium
The Martian (The Martian #1),41.39,2,In stock,82780.0,Medium,Low
The High Mountains of Portugal,51.15,1,In stock,102300.0,Medium,Low
The Grownup,35.88,1,In stock,71760.0,Low,Low
The E-Myth Revisited: Why Most Small Businesses Don't Work and What to Do About It,36.91,1,In stock,73820.0,Low,Low
South of Sunshine,28.93,1,In stock,57860.0,Low,Low
Smarter Faster Better: The Secrets of Being Productive in Life and Business,38.89,5,In stock,77780.0,Low,High
Silence in the Dark (Logan Point #4),58.33,3,In stock,116660.0,Medium,Medium
Shadows of the Past (Logan Point #1),39.67,5,In stock,79340.0,Low,High
Roller Girl,14.1,5,In stock,28200.0,Very Low,High
Rising Strong,21.82,3,In stock,43640.0,Low,Medium
Proofs of God: Classical Arguments from Tertullian to Barth,54.21,1,In stock,108420.0,Medium,Low
Please Kill Me: The Uncensored Oral History of Punk,31.19,4,In stock,62380.0,Low,Medium
Out of Print: City Lights Spotlight No. 14,53.64,5,In stock,107280.0,Medium,High
My Life Next Door (My Life Next Door ),36.39,5,In stock,72780.0,Low,High
Miller's Valley,58.54,2,In stock,117080.0,Medium,Low
Man's Search for Meaning,29.48,3,In stock,58960.0,Low,Medium
"Love That Boy: What Two Presidents, Eight Road Trips, and My Son Taught Me About a Parent's Expectations",25.06,2,In stock,50120.0,Low,Low
Living Forward: A Proven Plan to Stop Drifting and Get the Life You Want,12.55,3,In stock,25100.0,Very Low,Medium
Les Fleurs du Mal,29.04,5,In stock,58080.0,Low,High
Left Behind (Left Behind #1),40.72,2,In stock,81440.0,Medium,Low
Kill 'Em and Leave: Searching for James Brown and the American Soul,45.05,5,In stock,90100.0,Medium,High
Kierkegaard: A Christian Missionary to Christians,47.13,1,In stock,94260.0,Medium,Low
John Vassos: Industrial Design for Modern Life,20.22,4,In stock,40440.0,Low,Medium
I'll Give You the Sun,56.48,1,In stock,112960.0,Medium,Low
I Will Find You,44.21,1,In stock,88420.0,Medium,Low
Hystopia: A Novel,21.96,4,In stock,43920.0,Low,Medium
Howl and Other Poems,40.45,2,In stock,80900.0,Medium,Low
History of Beauty,10.29,4,In stock,20580.0,Very Low,Medium
Heaven is for Real: A Little Boy's Astounding Story of His Trip to Heaven and Back,52.86,2,In stock,105720.0,Medium,Low
Future Shock (Future Shock #1),55.65,5,In stock,111300.0,Medium,High
Ender's Game (The Ender Quintet #1),43.64,1,In stock,87280.0,Medium,Low
Diary of a Citizen Scientist: Chasing Tiger Beetles and Other New Ways of Engaging the World,28.41,1,In stock,56820.0,Low,Low
Death by Leisure: A Cautionary Tale,37.51,4,In stock,75020.0,Low,Medium
Brilliant Beacons: A History of the American Lighthouse,11.45,3,In stock,22900.0,Very Low,Medium
Brazen: The Courage to Find the You That's Been Hiding,19.22,2,In stock,38440.0,Very Low,Low
Between the World and Me,56.91,4,In stock,113820.0,Medium,Medium
Being Mortal: Medicine and What Matters in the End,55.06,4,In stock,110120.0,Medium,Medium
"A Murder Over a Girl: Justice, Gender, Junior High",13.2,3,In stock,26400.0,Very Low,Medium
32 Yolks,53.63,2,In stock,107260.0,Medium,Low
"""Most Blessed of the Patriarchs"": Thomas Jefferson and the Empire of the Imagination",44.48,5,In stock,88960.0,Medium,High
You Are a Badass: How to Stop Doubting Your Greatness and Start Living an Awesome Life,12.08,3,In stock,24160.0,Very Low,Medium
Wildlife of New York: A Five-Borough Coloring Book,22.14,2,In stock,44280.0,Low,Low
What Happened on Beale Street (Secrets of the South Mysteries #2),25.37,5,In stock,50740.0,Low,High
Unreasonable Hope: Finding Faith in the God Who Brings Purpose to Your Pain,46.33,2,In stock,92660.0,Medium,Low
Under the Tuscan Sun,37.33,3,In stock,74660.0,Low,Medium
Toddlers Are A**holes: It's Not Your Fault,25.55,1,In stock,51100.0,Low,Low
The Year of Living Biblically: One Man's Humble Quest to Follow the Bible as Literally as Possible,34.72,1,In stock,69440.0,Low,Low
The Whale,35.96,4,In stock,71920.0,Low,Medium
The Story of Art,41.14,4,In stock,82280.0,Medium,Medium
The Origin of Species,10.01,4,In stock,20020.0,Very Low,Medium
The Great Gatsby,36.05,4,In stock,72100.0,Low,Medium
The Good Girl,49.03,3,In stock,98060.0,Medium,Medium
The Glass Castle,16.24,1,In stock,32479.999999999996,Very Low,Low
The Faith of Christopher Hitchens: The Restless Soul of the World's Most Notorious Atheist,39.55,1,In stock,79100.0,Low,Low
The Drowning Girls,35.67,3,In stock,71340.0,Low,Medium
The Constant Princess (The Tudor Court #1),16.62,3,In stock,33240.0,Very Low,Medium
The Bourne Identity (Jason Bourne #1),42.78,4,In stock,85560.0,Medium,Medium
The Bachelor Girl's Guide to Murder (Herringford and Watts Mysteries #1),52.3,5,In stock,104600.0,Medium,High
The Art Book,32.34,2,In stock,64680.00000000001,Low,Low
The 7 Habits of Highly Effective People: Powerful Lessons in Personal Change,33.17,4,In stock,66340.0,Low,Medium
Team of Rivals: The Political Genius of Abraham Lincoln,20.12,5,In stock,40240.0,Low,High
Steal Like an Artist: 10 Things Nobody Told You About Being Creative,20.9,2,In stock,41800.0,Low,Low
"Sit, Stay, Love",20.9,3,In stock,41800.0,Low,Medium
Sister Dear,40.2,4,In stock,80400.0,Medium,Medium
"Shrunken Treasures: Literary Classics, Short, Sweet, and Silly",52.87,3,In stock,105740.0,Medium,Medium
"Rich Dad, Poor Dad",51.74,1,In stock,103480.0,Medium,Low
Raymie Nightingale,34.41,2,In stock,68820.0,Low,Low
Playing from the Heart,32.38,1,In stock,64760.00000000001,Low,Low
Nightstruck: A Novel,50.35,4,In stock,100700.0,Medium,Medium
"Naturally Lean: 125 Nourishing Gluten-Free, Plant-Based Recipes--All Under 300 Calories",11.38,5,In stock,22760.0,Very Low,High
Meternity,43.58,3,In stock,87160.0,Medium,Medium
Memoirs of a Geisha,49.67,3,In stock,99340.0,Medium,Medium
Like Never Before (Walker Family #2),28.77,2,In stock,57540.0,Low,Low
Life of Pi,13.22,4,In stock,26440.0,Very Low,Medium
Leave This Song Behind: Teen Poetry at Its Best,51.17,5,In stock,102340.0,Medium,High
King's Folly (The Kinsman Chronicles #1),39.61,5,In stock,79220.0,Low,High
John Adams,57.43,4,In stock,114860.0,Medium,Medium
How to Cook Everything Vegetarian: Simple Meatless Recipes for Great Food (How to Cook Everything),46.01,4,In stock,92020.0,Medium,Medium
How to Be a Domestic Goddess: Baking and the Art of Comfort Cooking,28.25,2,In stock,56500.0,Low,Low
Good in Bed (Cannie Shapiro #1),37.05,5,In stock,74100.0,Low,High
"Fruits Basket, Vol. 7 (Fruits Basket #7)",19.57,1,In stock,39140.0,Very Low,Low
For the Love: Fighting for Grace in a World of Impossible Standards,45.13,3,In stock,90260.0,Medium,Medium
Finding God in the Ruins: How God Redeems Pain,46.64,2,In stock,93280.0,Medium,Low
Every Heart a Doorway (Every Heart A Doorway #1),12.16,5,In stock,24320.0,Very Low,High
Delivering the Truth (Quaker Midwife Mystery #1),20.89,4,In stock,41780.0,Low,Medium
Counted With the Stars (Out from Egypt #1),17.97,5,In stock,35940.0,Very Low,High
"Chronicles, Vol. 1",52.6,2,In stock,105200.0,Medium,Low
Blue Like Jazz: Nonreligious Thoughts on Christian Spirituality,25.77,1,In stock,51540.0,Low,Low
Benjamin Franklin: An American Life,48.19,3,In stock,96380.0,Medium,Medium
"At The Existentialist CafÃ©: Freedom, Being, and apricot cocktails with: Jean-Paul Sartre, Simone de Beauvoir, Albert Camus, Martin Heidegger, Edmund Husserl, Karl Jaspers, Maurice Merleau-Ponty and others",29.93,5,In stock,59860.0,Low,High
A Summer In Europe,44.34,2,In stock,88680.0,Medium,Low
A Short History of Nearly Everything,52.4,5,In stock,104800.0,Medium,High
A Gathering of Shadows (Shades of Magic #2),44.81,4,In stock,89620.0,Medium,Medium
The Sound Of Love,57.84,5,In stock,115680.0,Medium,High
The Rise and Fall of the Third Reich: A History of Nazi Germany,39.67,2,In stock,79340.0,Low,Low
The Perks of Being a Wallflower,55.02,3,In stock,110040.0,Medium,Medium
The Mysterious Affair at Styles (Hercule Poirot #1),24.8,4,In stock,49600.0,Low,Medium
The Man Who Mistook His Wife for a Hat and Other Clinical Tales,59.45,4,In stock,118900.0,Medium,Medium
The Makings of a Fatherless Child,31.58,2,In stock,63160.0,Low,Low
The Joy of Cooking,43.27,4,In stock,86540.0,Medium,Medium
The Invention of Wings,37.34,1,In stock,74680.0,Low,Low
The Hobbit (Middle-Earth Universe),17.8,5,In stock,35600.0,Very Low,High
The Great Railway Bazaar,30.54,1,In stock,61080.0,Low,Low
The Golden Compass (His Dark Materials #1),18.77,1,In stock,37540.0,Very Low,Low
The God Delusion,46.85,3,In stock,93700.0,Medium,Medium
The Girl You Left Behind (The Girl You Left Behind #1),15.79,1,In stock,31580.0,Very Low,Low
The Fellowship of the Ring (The Lord of the Rings #1),10.27,2,In stock,20540.0,Very Low,Low
The Collected Poems of W.B. Yeats (The Collected Works of W.B. Yeats #1),15.42,5,In stock,30840.0,Very Low,High
The Barefoot Contessa Cookbook,59.92,5,In stock,119840.0,Medium,High
Tell the Wolves I'm Home,50.96,2,In stock,101920.0,Medium,Low
Ship Leaves Harbor: Essays on Travel by a Recovering Journeyman,30.6,3,In stock,61200.0,Low,Medium
Pride and Prejudice,19.27,4,In stock,38540.0,Very Low,Medium
Musicophilia: Tales of Music and the Brain,46.58,1,In stock,93160.0,Medium,Low
Mere Christianity,48.51,3,In stock,97020.0,Medium,Medium
Me Before You (Me Before You #1),19.02,1,In stock,38040.0,Very Low,Low
In the Woods (Dublin Murder Squad #1),38.38,2,In stock,76760.0,Low,Low
In Cold Blood,49.98,4,In stock,99960.0,Medium,Medium
How to Stop Worrying and Start Living,46.49,5,In stock,92980.0,Medium,High
Give It Back,18.32,2,In stock,36640.0,Very Low,Low
"Girl, Interrupted",42.14,3,In stock,84280.0,Medium,Medium
Fun Home: A Family Tragicomic,56.59,4,In stock,113180.0,Medium,Medium
"Fruits Basket, Vol. 6 (Fruits Basket #6)",20.96,4,In stock,41920.0,Low,Medium
Deception Point,40.32,4,In stock,80640.0,Medium,Medium
"Death Note, Vol. 6: Give-and-Take (Death Note #6)",36.39,3,In stock,72780.0,Low,Medium
Catherine the Great: Portrait of a Woman,58.55,4,In stock,117100.0,Medium,Medium
Better Homes and Gardens New Cook Book,39.61,3,In stock,79220.0,Low,Medium
An Unquiet Mind: A Memoir of Moods and Madness,21.3,3,In stock,42600.0,Low,Medium
A Year in Provence (Provence #1),56.88,4,In stock,113760.0,Medium,Medium
World Without End (The Pillars of the Earth #2),32.97,4,In stock,65940.0,Low,Medium
"Will Grayson, Will Grayson (Will Grayson, Will Grayson)",47.31,4,In stock,94620.0,Medium,Medium
Why Save the Bankers?: And Other Essays on Our Economic and Political Crisis,48.67,2,In stock,97340.0,Medium,Low
Where She Went (If I Stay #2),41.73,4,In stock,83460.0,Medium,Medium
What If?: Serious Scientific Answers to Absurd Hypothetical Questions,53.68,4,In stock,107360.0,Medium,Medium
Two Summers,14.64,1,In stock,29280.0,Very Low,Low
This Is Your Brain on Music: The Science of a Human Obsession,38.4,1,In stock,76800.0,Low,Low
The Secret Garden,15.08,4,In stock,30160.0,Very Low,Medium
The Raven King (The Raven Cycle #4),30.57,2,In stock,61140.0,Low,Low
The Raven Boys (The Raven Cycle #1),57.74,4,In stock,115480.0,Medium,Medium
The Power Greens Cookbook: 140 Delicious Superfood Recipes,11.05,5,In stock,22100.0,Very Low,High
The Metamorphosis,28.58,1,In stock,57160.0,Low,Low
The Mathews Men: Seven Brothers and the War Against Hitler's U-boats,42.91,5,In stock,85820.0,Medium,High
The Little Paris Bookshop,24.73,3,In stock,49460.0,Low,Medium
The Hiding Place,55.91,4,In stock,111820.0,Medium,Medium
The Grand Design,13.76,3,In stock,27520.0,Very Low,Medium
The Firm,45.56,3,In stock,91120.0,Medium,Medium
The Fault in Our Stars,47.22,1,In stock,94440.0,Medium,Low
The False Prince (The Ascendance Trilogy #1),56.0,5,In stock,112000.0,Medium,High
The Expatriates,44.58,2,In stock,89160.0,Medium,Low
The Dream Thieves (The Raven Cycle #2),34.5,1,In stock,69000.0,Low,Low
The Darkest Corners,11.33,5,In stock,22660.0,Very Low,High
The Crossover,38.77,4,In stock,77540.0,Low,Medium
The 5th Wave (The 5th Wave #1),11.83,2,In stock,23660.0,Very Low,Low
Tell the Wind and Fire,45.51,3,In stock,91020.0,Medium,Medium
Tell Me Three Things,41.81,1,In stock,83620.0,Medium,Low
Talking to Girls About Duran Duran: One Young Man's Quest for True Love and a Cooler Haircut,25.15,4,In stock,50300.0,Low,Medium
Siddhartha,34.22,5,In stock,68440.0,Low,High
Shiver (The Wolves of Mercy Falls #1),16.23,5,In stock,32460.0,Very Low,High
Remember Me?,11.48,3,In stock,22960.0,Very Low,Medium
Red Dragon (Hannibal Lecter #1),23.37,3,In stock,46740.0,Low,Medium
Peak: Secrets from the New Science of Expertise,16.28,2,In stock,32560.000000000004,Very Low,Low
My Mother Was Nuts,31.63,4,In stock,63260.0,Low,Medium
Mexican Today: New and Rediscovered Recipes for Contemporary Kitchens,24.91,5,In stock,49820.0,Low,High
Maybe Something Beautiful: How Art Transformed a Neighborhood,22.54,1,In stock,45080.0,Low,Low
Lola and the Boy Next Door (Anna and the French Kiss #2),23.63,4,In stock,47260.0,Low,Medium
Logan Kade (Fallen Crest High #5.5),13.12,2,In stock,26240.0,Very Low,Low
Last One Home (New Beginnings #1),59.98,3,In stock,119960.0,Medium,Medium
Killing Floor (Jack Reacher #1),31.49,4,In stock,62980.0,Low,Medium
Kill the Boy Band,15.52,5,In stock,31040.0,Very Low,High
Isla and the Happily Ever After (Anna and the French Kiss #3),48.13,5,In stock,96260.0,Medium,High
If I Stay (If I Stay #1),38.13,5,In stock,76260.0,Low,High
I Know Why the Caged Bird Sings (Maya Angelou's Autobiography #1),36.55,2,In stock,73100.0,Low,Low
Harry Potter and the Deathly Hallows (Harry Potter #7),23.32,1,In stock,46640.0,Low,Low
"Fruits Basket, Vol. 5 (Fruits Basket #5)",16.33,1,In stock,32659.999999999996,Very Low,Low
Foundation (Foundation (Publication Order) #1),32.42,1,In stock,64840.0,Low,Low
Fool Me Once,16.96,1,In stock,33920.0,Very Low,Low
Find Her (Detective D.D. Warren #8),22.37,1,In stock,44740.0,Low,Low
Evicted: Poverty and Profit in the American City,42.27,1,In stock,84540.0,Medium,Low
Drama,38.7,2,In stock,77400.0,Low,Low
Dracula the Un-Dead,35.63,5,In stock,71260.0,Low,High
Digital Fortress,58.0,5,In stock,116000.0,Medium,High
"Death Note, Vol. 5: Whiteout (Death Note #5)",52.41,1,In stock,104820.0,Medium,Low
"Data, A Love Story: How I Gamed Online Dating to Meet My Match",32.35,3,In stock,64700.0,Low,Medium
Critique of Pure Reason,20.75,1,In stock,41500.0,Low,Low
Booked,17.49,5,In stock,34980.0,Very Low,High
"Blue Lily, Lily Blue (The Raven Cycle #3)",34.13,5,In stock,68260.0,Low,High
Approval Junkie: Adventures in Caring Too Much,58.81,5,In stock,117620.0,Medium,High
An Abundance of Katherines,10.0,5,In stock,20000.0,Very Low,High
America's War for the Greater Middle East: A Military History,51.22,2,In stock,102440.0,Medium,Low
Alight (The Generations Trilogy #2),58.59,4,In stock,117180.0,Medium,Medium
A Girl's Guide to Moving On (New Beginnings #2),31.3,1,In stock,62600.0,Low,Low
A Game of Thrones (A Song of Ice and Fire #1),46.42,2,In stock,92840.0,Medium,Low
A Feast for Crows (A Song of Ice and Fire #4),17.21,4,In stock,34420.0,Very Low,Medium
A Clash of Kings (A Song of Ice and Fire #2),10.79,3,In stock,21580.0,Very Low,Medium
Vogue Colors A to Z: A Fashion Coloring Book,52.35,4,In stock,104700.0,Medium,Medium
The Shining (The Shining #1),27.88,3,In stock,55760.0,Low,Medium
The Pilgrim's Progress,50.26,2,In stock,100520.0,Medium,Low
The Perfect Play (Play by Play #1),59.99,3,In stock,119980.0,Medium,Medium
The Passion of Dolssa,28.32,5,In stock,56640.0,Low,High
The Jazz of Physics: The Secret Link Between Music and the Structure of the Universe,38.71,3,In stock,77420.0,Low,Medium
The Hunger Games (The Hunger Games #1),29.85,5,In stock,59700.0,Low,High
The Hound of the Baskervilles (Sherlock Holmes #5),14.82,2,In stock,29640.0,Very Low,Low
The Gunning of America: Business and the Making of American Gun Culture,16.81,4,In stock,33620.0,Very Low,Medium
The Geography of Bliss: One Grump's Search for the Happiest Places in the World,28.23,2,In stock,56460.0,Low,Low
The Demonists (Demonist #1),52.11,2,In stock,104220.0,Medium,Low
"The Demon Prince of Momochi House, Vol. 4 (The Demon Prince of Momochi House #4)",27.88,2,In stock,55760.0,Low,Low
The Bone Hunters (Lexy Vaughan & Steven Macaulay #2),59.71,3,In stock,119420.0,Medium,Medium
The Beast (Black Dagger Brotherhood #14),46.08,5,In stock,92160.0,Medium,High
Some Women,13.73,5,In stock,27460.0,Very Low,High
Shopaholic Ties the Knot (Shopaholic #3),48.39,5,In stock,96780.0,Medium,High
Paper and Fire (The Great Library #2),49.45,5,In stock,98900.0,Medium,High
Outlander (Outlander #1),19.67,5,In stock,39340.0,Very Low,High
"Orchestra of Exiles: The Story of Bronislaw Huberman, the Israel Philharmonic, and the One Thousand Jews He Saved from Nazi Horrors",12.36,3,In stock,24720.0,Very Low,Medium
No One Here Gets Out Alive,20.02,5,In stock,40040.0,Low,High
Night Shift (Night Shift #1-20),12.75,4,In stock,25500.0,Very Low,Medium
Needful Things,47.51,4,In stock,95020.0,Medium,Medium
Mockingjay (The Hunger Games #3),20.44,4,In stock,40880.0,Low,Medium
Misery,34.79,2,In stock,69580.0,Low,Low
Little Women (Little Women #1),28.07,4,In stock,56140.0,Low,Medium
It,25.01,3,In stock,50020.0,Low,Medium
Harry Potter and the Sorcerer's Stone (Harry Potter #1),13.9,3,In stock,27800.0,Very Low,Medium
Harry Potter and the Prisoner of Azkaban (Harry Potter #3),24.17,4,In stock,48340.0,Low,Medium
Harry Potter and the Order of the Phoenix (Harry Potter #5),31.63,4,In stock,63260.0,Low,Medium
Harry Potter and the Half-Blood Prince (Harry Potter #6),48.75,5,In stock,97500.0,Medium,High
Harry Potter and the Chamber of Secrets (Harry Potter #2),14.74,1,In stock,29480.0,Very Low,Low
Gone with the Wind,32.49,3,In stock,64980.00000000001,Low,Medium
God Is Not Great: How Religion Poisons Everything,27.8,1,In stock,55600.0,Low,Low
Girl With a Pearl Earring,26.77,1,In stock,53540.0,Low,Low
"Fruits Basket, Vol. 4 (Fruits Basket #4)",50.44,4,In stock,100880.0,Medium,Medium
Far From True (Promise Falls Trilogy #2),34.93,2,In stock,69860.0,Low,Low
Dark Lover (Black Dagger Brotherhood #1),12.87,1,In stock,25740.0,Very Low,Low
Confessions of a Shopaholic (Shopaholic #1),48.94,2,In stock,97880.0,Medium,Low
Changing the Game (Play by Play #2),13.38,3,In stock,26760.0,Very Low,Medium
Candide,58.63,3,In stock,117260.0,Medium,Medium
Can You Keep a Secret?,21.94,1,In stock,43880.0,Low,Low
Atlas Shrugged,26.58,5,In stock,53160.0,Low,High
Animal Farm,57.22,3,In stock,114440.0,Medium,Medium
A Walk to Remember,56.43,1,In stock,112860.0,Medium,Low
A New Earth: Awakening to Your Life's Purpose,55.65,5,In stock,111300.0,Medium,High
"A History of God: The 4,000-Year Quest of Judaism, Christianity, and Islam",27.62,1,In stock,55240.0,Low,Low
'Salem's Lot,49.56,4,In stock,99120.0,Medium,Medium
Zero History (Blue Ant #3),34.77,1,In stock,69540.0,Low,Low
Wuthering Heights,17.73,3,In stock,35460.0,Very Low,Medium
World War Z: An Oral History of the Zombie War,21.8,1,In stock,43600.0,Low,Low
Wild: From Lost to Found on the Pacific Crest Trail,46.02,3,In stock,92040.0,Medium,Medium
"Where'd You Go, Bernadette",18.13,1,In stock,36260.0,Very Low,Low
When You Are Engulfed in Flames,30.89,5,In stock,61780.0,Low,High
We the People: The Modern-Day Figures Who Have Reshaped and Affirmed the Founding Fathers' Vision of America,31.95,3,In stock,63900.0,Low,Medium
We Are All Completely Beside Ourselves,24.04,1,In stock,48080.0,Low,Low
Walk the Edge (Thunder Road #2),32.36,3,In stock,64720.0,Low,Medium
Voyager (Outlander #3),21.07,5,In stock,42140.0,Low,High
Very Good Lives: The Fringe Benefits of Failure and the Importance of Imagination,50.66,3,In stock,101320.0,Medium,Medium
Vegan Vegetarian Omnivore: Dinner for Everyone at the Table,13.66,2,In stock,27320.0,Very Low,Low
"Unstuffed: Decluttering Your Home, Mind, and Soul",58.09,1,In stock,116180.0,Medium,Low
Under the Banner of Heaven: A Story of Violent Faith,30.0,1,In stock,60000.0,Low,Low
Two Boys Kissing,32.74,2,In stock,65480.00000000001,Low,Low
Twilight (Twilight #1),41.93,2,In stock,83860.0,Medium,Low
Twenties Girl,42.8,2,In stock,85600.0,Medium,Low
"Trespassing Across America: One Man's Epic, Never-Done-Before (and Sort of Illegal) Hike Across the Heartland",53.51,1,In stock,107020.0,Medium,Low
Three-Martini Lunch,23.21,3,In stock,46420.0,Low,Medium
"Thinking, Fast and Slow",21.14,1,In stock,42280.0,Low,Low
The Wild Robot,56.07,3,In stock,112140.0,Medium,Medium
"The Wicked + The Divine, Vol. 3: Commercial Suicide (The Wicked + The Divine)",14.41,3,In stock,28820.0,Very Low,Medium
The Undomestic Goddess,45.75,4,In stock,91500.0,Medium,Medium
The Travelers,15.77,1,In stock,31540.0,Very Low,Low
The Tipping Point: How Little Things Can Make a Big Difference,10.02,2,In stock,20040.0,Very Low,Low
The Thing About Jellyfish,48.77,1,In stock,97540.0,Medium,Low
The Stand,57.86,2,In stock,115720.0,Medium,Low
The Smitten Kitchen Cookbook,23.59,1,In stock,47180.0,Low,Low
The Silkworm (Cormoran Strike #2),23.05,5,In stock,46100.0,Low,High
"The Sandman, Vol. 3: Dream Country (The Sandman (volumes) #3)",55.55,5,In stock,111100.0,Medium,High
The Rose & the Dagger (The Wrath and the Dawn #2),58.64,4,In stock,117280.0,Medium,Medium
The Road to Little Dribbling: Adventures of an American in Britain (Notes From a Small Island #2),23.21,1,In stock,46420.0,Low,Low
The Rise of Theodore Roosevelt (Theodore Roosevelt #1),42.57,3,In stock,85140.0,Medium,Medium
The Restaurant at the End of the Universe (Hitchhiker's Guide to the Galaxy #2),10.92,1,In stock,21840.0,Very Low,Low
The Rest Is Noise: Listening to the Twentieth Century,34.77,1,In stock,69540.0,Low,Low
The Red Tent,35.66,5,In stock,71320.0,Low,High
The Purpose Driven Life: What on Earth Am I Here for?,37.19,3,In stock,74380.0,Low,Medium
The Purest Hook (Second Circle Tattoos #3),12.25,1,In stock,24500.0,Very Low,Low
The Picture of Dorian Gray,29.7,2,In stock,59400.0,Low,Low
The Paris Wife,36.8,3,In stock,73600.0,Low,Medium
The Obsession,45.43,1,In stock,90860.0,Medium,Low
The Nightingale,26.26,4,In stock,52520.0,Low,Medium
The New Guy (and Other Senior Year Distractions),44.92,3,In stock,89840.0,Medium,Medium
The Nanny Diaries (Nanny #1),52.53,5,In stock,105060.0,Medium,High
The Name of God is Mercy,37.25,2,In stock,74500.0,Low,Low
The Maze Runner (The Maze Runner #1),20.93,1,In stock,41860.0,Low,Low
The Lover's Dictionary,58.09,2,In stock,116180.0,Medium,Low
The Lonely Ones,43.59,5,In stock,87180.0,Medium,High
The Lean Startup: How Today's Entrepreneurs Use Continuous Innovation to Create Radically Successful Businesses,33.92,3,In stock,67840.0,Low,Medium
The Last Painting of Sara de Vos,55.55,2,In stock,111100.0,Medium,Low
"The Land of 10,000 Madonnas",29.64,4,In stock,59280.0,Low,Medium
The Infinities,27.41,1,In stock,54820.0,Low,Low
The Husband's Secret,52.51,5,In stock,105020.0,Medium,High
The Hitchhiker's Guide to the Galaxy (Hitchhiker's Guide to the Galaxy #1),47.8,3,In stock,95600.0,Medium,Medium
The Guns of August,14.54,2,In stock,29080.0,Very Low,Low
The Guernsey Literary and Potato Peel Pie Society,49.53,1,In stock,99060.0,Medium,Low
The Goldfinch,43.58,3,In stock,87160.0,Medium,Medium
The Giver (The Giver Quartet #1),12.3,1,In stock,24600.0,Very Low,Low
The Girl with All the Gifts,49.47,3,In stock,98940.0,Medium,Medium
The Girl Who Played with Fire (Millennium Trilogy #2),22.14,2,In stock,44280.0,Low,Low
The Girl Who Kicked the Hornet's Nest (Millennium Trilogy #3),57.48,1,In stock,114960.0,Medium,Low
The Exiled,43.45,3,In stock,86900.0,Medium,Medium
"The End of Faith: Religion, Terror, and the Future of Reason",22.13,4,In stock,44260.0,Low,Medium
"The Elegant Universe: Superstrings, Hidden Dimensions, and the Quest for the Ultimate Theory",13.03,4,In stock,26060.0,Very Low,Medium
"The Disappearing Spoon: And Other True Tales of Madness, Love, and the History of the World from the Periodic Table of the Elements",57.35,5,In stock,114700.0,Medium,High
The Devil Wears Prada (The Devil Wears Prada #1),44.29,1,In stock,88580.0,Medium,Low
The Demon-Haunted World: Science as a Candle in the Dark,52.25,4,In stock,104500.0,Medium,Medium
The Day the Crayons Came Home (Crayons),26.33,5,In stock,52660.0,Low,High
The Da Vinci Code (Robert Langdon #2),22.96,2,In stock,45920.0,Low,Low
The Cuckoo's Calling (Cormoran Strike #1),19.21,1,In stock,38420.0,Very Low,Low
The Complete Stories and Poems (The Works of Edgar Allan Poe [Cameo Edition]),26.78,4,In stock,53560.0,Low,Medium
The Complete Poems,41.32,5,In stock,82640.0,Medium,High
The Catcher in the Rye,24.55,1,In stock,49100.0,Low,Low
The Cat in the Hat (Beginner Books B-1),16.26,2,In stock,32520.000000000004,Very Low,Low
The Case for Christ (Cases for Christianity),47.84,1,In stock,95680.0,Medium,Low
The Book Thief,53.49,2,In stock,106980.0,Medium,Low
The Book of Basketball: The NBA According to The Sports Guy,44.84,5,In stock,89680.0,Medium,High
The Blind Side: Evolution of a Game,53.71,5,In stock,107420.0,Medium,High
The Autobiography of Malcolm X,23.43,2,In stock,46860.0,Low,Low
"The Art of Simple Food: Notes, Lessons, and Recipes from a Delicious Revolution",34.32,3,In stock,68640.0,Low,Medium
The Art of Fielding,22.1,1,In stock,44200.0,Low,Low
"Surely You're Joking, Mr. Feynman!: Adventures of a Curious Character",25.83,2,In stock,51660.0,Low,Low
Stiff: The Curious Lives of Human Cadavers,36.74,3,In stock,73480.0,Low,Medium
Spilled Milk: Based on a True Story,49.51,1,In stock,99020.0,Medium,Low
Something Borrowed (Darcy & Rachel #1),48.96,5,In stock,97920.0,Medium,High
Something Blue (Darcy & Rachel #2),54.62,1,In stock,109240.0,Medium,Low
Soldier (Talon #3),24.72,2,In stock,49440.0,Low,Low
Shopaholic & Baby (Shopaholic #5),46.45,2,In stock,92900.0,Medium,Low
Seven Days in the Art World,52.33,2,In stock,104660.0,Medium,Low
Seven Brief Lessons on Physics,30.6,4,In stock,61200.0,Low,Medium
Scarlet (The Lunar Chronicles #2),14.57,4,In stock,29140.0,Very Low,Medium
Sarah's Key,46.29,1,In stock,92580.0,Medium,Low
"Saga, Volume 3 (Saga (Collected Editions) #3)",21.57,5,In stock,43140.0,Low,High
Running with Scissors,12.91,4,In stock,25820.0,Very Low,Medium
Rogue Lawyer (Rogue Lawyer #1),50.11,3,In stock,100220.0,Medium,Medium
"Rise of the Rocket Girls: The Women Who Propelled Us, from Missiles to the Moon to Mars",41.67,4,In stock,83340.0,Medium,Medium
Rework,44.88,2,In stock,89760.0,Medium,Low
Reservations for Two,11.1,3,In stock,22200.0,Very Low,Medium
Red: The True Story of Red Riding Hood,28.54,3,In stock,57080.0,Low,Medium
Ready Player One,19.07,4,In stock,38140.0,Very Low,Medium
Quiet: The Power of Introverts in a World That Can't Stop Talking,43.55,1,In stock,87100.0,Medium,Low
Prodigy: The Graphic Novel (Legend: The Graphic Novel #2),43.63,3,In stock,87260.0,Medium,Medium
Persepolis: The Story of a Childhood (Persepolis #1-2),39.13,1,In stock,78260.0,Low,Low
Packing for Mars: The Curious Science of Life in the Void,56.68,2,In stock,113360.0,Medium,Low
Outliers: The Story of Success,14.16,1,In stock,28320.0,Very Low,Low
Original Fake,31.45,3,In stock,62900.0,Low,Medium
Orange Is the New Black,24.61,2,In stock,49220.0,Low,Low
One for the Money (Stephanie Plum #1),32.87,2,In stock,65740.0,Low,Low
Notes from a Small Island (Notes From a Small Island #1),40.17,1,In stock,80340.0,Medium,Low
Night (The Night Trilogy #1),13.51,1,In stock,27020.0,Very Low,Low
Neither Here nor There: Travels in Europe,38.95,3,In stock,77900.0,Low,Medium
Naked,31.69,3,In stock,63380.0,Low,Medium
Morning Star (Red Rising #3),29.4,1,In stock,58800.0,Low,Low
"Miracles from Heaven: A Little Girl, Her Journey to Heaven, and Her Amazing Story of Healing",57.83,1,In stock,115660.0,Medium,Low
Midnight Riot (Peter Grant/ Rivers of London - books #1),55.46,2,In stock,110920.0,Medium,Low
Me Talk Pretty One Day,57.6,2,In stock,115200.0,Medium,Low
Manuscript Found in Accra,34.98,2,In stock,69960.0,Low,Low
Lust & Wonder,11.87,2,In stock,23740.0,Very Low,Low
Lila (Gilead #3),12.47,3,In stock,24940.0,Very Low,Medium
"Life, the Universe and Everything (Hitchhiker's Guide to the Galaxy #3)",33.26,2,In stock,66520.0,Low,Low
Life Without a Recipe,59.04,5,In stock,118080.0,Medium,High
Life After Life,26.13,2,In stock,52260.0,Low,Low
Letter to a Christian Nation,22.2,1,In stock,44400.0,Low,Low
Let's Pretend This Never Happened: A Mostly True Memoir,45.11,1,In stock,90220.0,Medium,Low
Legend (Legend #1),43.69,4,In stock,87380.0,Medium,Medium
"Lean In: Women, Work, and the Will to Lead",25.02,1,In stock,50040.0,Low,Low
"Lamb: The Gospel According to Biff, Christ's Childhood Pal",55.5,5,In stock,111000.0,Medium,High
Lady Renegades (Rebel Belle #3),53.04,5,In stock,106080.0,Medium,High
Jurassic Park (Jurassic Park #1),44.97,1,In stock,89940.0,Medium,Low
It's Never Too Late to Begin Again: Discovering Creativity and Meaning at Midlife and Beyond,42.38,1,In stock,84760.0,Medium,Low
Is Everyone Hanging Out Without Me? (And Other Concerns),20.11,3,In stock,40220.0,Low,Medium
Into the Wild,56.7,5,In stock,113400.0,Medium,High
Inferno (Robert Langdon #4),41.0,5,In stock,82000.0,Medium,High
"In the Garden of Beasts: Love, Terror, and an American Family in Hitler's Berlin",28.85,3,In stock,57700.0,Low,Medium
If I Run (If I Run #1),49.97,4,In stock,99940.0,Medium,Medium
I've Got Your Number,19.69,1,In stock,39380.0,Very Low,Low
I Am Malala: The Girl Who Stood Up for Education and Was Shot by the Taliban,28.88,2,In stock,57760.0,Low,Low
Hungry Girl Clean & Hungry: Easy All-Natural Recipes for Healthy Eating in the Real World,33.14,3,In stock,66280.0,Low,Medium
"House of Lost Worlds: Dinosaurs, Dynasties, and the Story of Life on Earth",43.7,2,In stock,87400.0,Medium,Low
House of Leaves,54.89,1,In stock,109780.0,Medium,Low
Horrible Bear!,37.52,2,In stock,75040.0,Low,Low
Holidays on Ice,51.07,2,In stock,102140.0,Medium,Low
Heir to the Sky,44.07,4,In stock,88140.0,Medium,Medium
Green Eggs and Ham (Beginner Books B-16),10.79,4,In stock,21580.0,Very Low,Medium
"Grayson, Vol 3: Nemesis (Grayson #3)",42.72,1,In stock,85440.0,Medium,Low
Gratitude,26.66,5,In stock,53320.0,Low,High
Gone Girl,37.6,5,In stock,75200.0,Low,High
Golden (Heart of Dread #3),42.21,4,In stock,84420.0,Medium,Medium
Girl in the Blue Coat,46.83,2,In stock,93660.0,Medium,Low
"Fruits Basket, Vol. 3 (Fruits Basket #3)",45.17,2,In stock,90340.0,Medium,Low
"Friday Night Lights: A Town, a Team, and a Dream",51.22,3,In stock,102440.0,Medium,Medium
Fire Bound (Sea Haven/Sisters of the Heart #5),21.28,4,In stock,42560.0,Low,Medium
Fifty Shades Freed (Fifty Shades #3),15.36,5,In stock,30720.0,Very Low,High
Fellside,38.62,1,In stock,77240.0,Low,Low
Extreme Prey (Lucas Davenport #26),25.4,3,In stock,50800.0,Low,Medium
Eragon (The Inheritance Cycle #1),43.87,3,In stock,87740.0,Medium,Medium
Eclipse (Twilight #3),18.74,1,In stock,37480.0,Very Low,Low
Dune (Dune #1),54.86,1,In stock,109720.0,Medium,Low
Dracula,52.62,3,In stock,105240.0,Medium,Medium
Do Androids Dream of Electric Sheep? (Blade Runner #1),51.48,1,In stock,102960.0,Medium,Low
Disrupted: My Misadventure in the Start-Up Bubble,15.28,5,In stock,30560.0,Very Low,High
Dead Wake: The Last Crossing of the Lusitania,39.24,5,In stock,78480.0,Low,High
"David and Goliath: Underdogs, Misfits, and the Art of Battling Giants",17.81,1,In stock,35620.0,Very Low,Low
Darkfever (Fever #1),56.02,1,In stock,112040.0,Medium,Low
Dark Places,23.9,5,In stock,47800.0,Low,High
Crazy Rich Asians (Crazy Rich Asians #1),49.13,5,In stock,98260.0,Medium,High
Counting Thyme,10.62,1,In stock,21240.0,Very Low,Low
Cosmos,36.17,2,In stock,72340.0,Low,Low
Civilization and Its Discontents,59.95,2,In stock,119900.0,Medium,Low
Cinder (The Lunar Chronicles #1),26.09,1,In stock,52180.0,Low,Low
Catastrophic Happiness: Finding Joy in Childhood's Messy Years,37.35,2,In stock,74700.0,Low,Low
Career of Evil (Cormoran Strike #3),24.72,2,In stock,49440.0,Low,Low
Breaking Dawn (Twilight #4),35.28,5,In stock,70560.0,Low,High
Brave Enough,51.32,5,In stock,102640.0,Medium,High
Boy Meets Boy,21.12,3,In stock,42240.0,Low,Medium
"Born to Run: A Hidden Tribe, Superathletes, and the Greatest Race the World Has Never Seen",27.35,2,In stock,54700.0,Low,Low
Blink: The Power of Thinking Without Thinking,21.74,5,In stock,43480.0,Low,High
Black Flags: The Rise of ISIS,40.87,1,In stock,81740.0,Medium,Low
"Black Butler, Vol. 1 (Black Butler #1)",49.31,1,In stock,98620.0,Medium,Low
Big Little Lies,22.11,1,In stock,44220.0,Low,Low
Between Shades of Gray,20.79,5,In stock,41580.0,Low,High
Best of My Love (Fool's Gold #20),27.41,2,In stock,54820.0,Low,Low
Beowulf,38.35,2,In stock,76700.0,Low,Low
Beautiful Creatures (Caster Chronicles #1),21.55,5,In stock,43100.0,Low,High
Awkward,38.02,2,In stock,76040.0,Low,Low
Ash,22.06,4,In stock,44120.0,Low,Medium
Are We There Yet?,10.66,3,In stock,21320.0,Very Low,Medium
Are We Smart Enough to Know How Smart Animals Are?,56.58,1,In stock,113160.0,Medium,Low
Annie on My Mind,36.83,5,In stock,73660.0,Low,High
And Then There Were None,35.01,2,In stock,70020.0,Low,Low
A Walk in the Woods: Rediscovering America on the Appalachian Trail,30.48,4,In stock,60960.0,Low,Medium
A Visit from the Goon Squad,14.08,5,In stock,28160.0,Very Low,High
A Storm of Swords (A Song of Ice and Fire #3),31.22,2,In stock,62440.0,Low,Low
A Heartbreaking Work of Staggering Genius,54.29,5,In stock,108580.0,Medium,High
8 Keys to Mental Health Through Exercise,31.04,1,In stock,62080.0,Low,Low
#GIRLBOSS,50.96,1,In stock,101920.0,Medium,Low
"The Suffragettes (Little Black Classics, #96)",11.89,2,In stock,23780.0,Very Low,Low
The Sense of an Ending,31.38,3,In stock,62760.0,Low,Medium
"The Sandman, Vol. 2: The Doll's House (The Sandman (volumes) #2)",54.81,1,In stock,109620.0,Medium,Low
The Course of Love,16.78,3,In stock,33560.0,Very Low,Medium
Sugar Rush (Offensive Line #2),24.42,1,In stock,48840.0,Low,Low
"Saga, Volume 2 (Saga (Collected Editions) #2)",11.75,3,In stock,23500.0,Very Low,Medium
"Run, Spot, Run: The Ethics of Keeping Pets",20.02,1,In stock,40040.0,Low,Low
New Moon (Twilight #2),12.86,4,In stock,25720.0,Very Low,Medium
Life,31.58,5,In stock,63160.0,Low,High
Kindle Paperwhite User's Guide,34.0,3,In stock,68000.0,Low,Medium
H is for Hawk,57.42,5,In stock,114840.0,Medium,High
Girl Online On Tour (Girl Online #2),53.47,1,In stock,106940.0,Medium,Low
"Fruits Basket, Vol. 2 (Fruits Basket #2)",11.64,5,In stock,23280.0,Very Low,High
Diary of a Minecraft Zombie Book 1: A Scare of a Dare (An Unofficial Minecraft Book),52.88,4,In stock,105760.0,Medium,Medium
"Y: The Last Man, Vol. 1: Unmanned (Y: The Last Man #1)",18.51,4,In stock,37020.0,Very Low,Medium
While You Were Mine,41.32,5,In stock,82640.0,Medium,High
Where Lightning Strikes (Bleeding Stars #3),39.77,3,In stock,79540.0,Low,Medium
When I'm Gone,51.96,3,In stock,103920.0,Medium,Medium
Ways of Seeing,39.51,5,In stock,79020.0,Low,High
"Vampire Knight, Vol. 1 (Vampire Knight #1)",15.4,1,In stock,30800.0,Very Low,Low
Vampire Girl (Vampire Girl #1),53.82,2,In stock,107640.0,Medium,Low
Twenty Love Poems and a Song of Despair,30.95,4,In stock,61900.0,Low,Medium
Travels with Charley: In Search of America,57.82,5,In stock,115640.0,Medium,High
Three Wishes (River of Time: California #1),44.18,2,In stock,88360.0,Medium,Low
This One Moment (Pushing Limits #1),48.71,1,In stock,97420.0,Medium,Low
The Zombie Room,19.69,5,In stock,39380.0,Very Low,High
"The Wicked + The Divine, Vol. 1: The Faust Act (The Wicked + The Divine)",36.52,2,In stock,73040.0,Low,Low
The Tumor,41.56,5,In stock,83120.0,Medium,High
The Story of Hong Gildong,43.19,4,In stock,86380.0,Medium,Medium
The Silent Wife,12.34,5,In stock,24680.0,Very Low,High
The Silent Twin (Detective Jennifer Knight #3),36.25,3,In stock,72500.0,Low,Medium
The Selfish Gene,29.45,1,In stock,58900.0,Low,Low
The Secret Healer,34.56,3,In stock,69120.0,Low,Medium
"The Sandman, Vol. 1: Preludes and Nocturnes (The Sandman (volumes) #1)",54.12,3,In stock,108240.0,Medium,Medium
The Republic,33.78,3,In stock,67560.0,Low,Medium
The Odyssey,29.64,3,In stock,59280.0,Low,Medium
The No. 1 Ladies' Detective Agency (No. 1 Ladies' Detective Agency #1),57.7,4,In stock,115400.0,Medium,Medium
The Nicomachean Ethics,36.34,1,In stock,72680.0,Low,Low
The Name of the Wind (The Kingkiller Chronicle #1),50.59,3,In stock,101180.0,Medium,Medium
The Mirror & the Maze (The Wrath and the Dawn #1.5),29.38,1,In stock,58760.0,Low,Low
The Little Prince,45.42,2,In stock,90840.0,Medium,Low
The Light of the Fireflies,54.43,1,In stock,108860.0,Medium,Low
The Last Girl (The Dominion Trilogy #1),36.26,2,In stock,72520.0,Low,Low
The Iliad,16.16,1,In stock,32320.0,Very Low,Low
The Hook Up (Game On #1),36.29,5,In stock,72580.0,Low,High
The Haters,27.89,5,In stock,55780.0,Low,High
The Girl You Lost,12.29,5,In stock,24580.0,Very Low,High
The Girl In The Ice (DCI Erika Foster #1),15.85,3,In stock,31700.0,Very Low,Medium
The End of the Jesus Era (An Investigation #1),14.4,1,In stock,28800.0,Very Low,Low
The Edge of Reason (Bridget Jones #2),19.18,4,In stock,38360.0,Very Low,Medium
The Complete Maus (Maus #1-2),10.64,3,In stock,21280.0,Very Low,Medium
The Communist Manifesto,14.76,3,In stock,29520.0,Very Low,Medium
The Bhagavad Gita,57.49,3,In stock,114980.0,Medium,Medium
The Bette Davis Club,30.66,3,In stock,61320.0,Low,Medium
The Art of Not Breathing,40.83,4,In stock,81660.0,Medium,Medium
Taking Shots (Assassins #1),18.88,2,In stock,37760.0,Very Low,Low
Starlark,25.83,3,In stock,51660.0,Low,Medium
"Skip Beat!, Vol. 01 (Skip Beat! #1)",42.12,3,In stock,84240.0,Medium,Medium
Sister Sable (The Mad Queen #1),13.33,3,In stock,26660.0,Very Low,Medium
Shatter Me (Shatter Me #1),42.4,1,In stock,84800.0,Medium,Low
Shameless,58.35,3,In stock,116700.0,Medium,Medium
Shadow Rites (Jane Yellowrock #10),21.72,4,In stock,43440.0,Low,Medium
Settling the Score (The Summer Games #1),44.91,2,In stock,89820.0,Medium,Low
Sense and Sensibility,37.46,1,In stock,74920.0,Low,Low
"Saga, Volume 1 (Saga (Collected Editions) #1)",28.48,1,In stock,56960.0,Low,Low
"Rhythm, Chord & Malykhin",28.34,2,In stock,56680.0,Low,Low
"Rat Queens, Vol. 1: Sass & Sorcery (Rat Queens (Collected Editions) #1-5)",46.96,5,In stock,93920.0,Medium,High
Paradise Lost (Paradise #1),24.96,1,In stock,49920.0,Low,Low
"Paper Girls, Vol. 1 (Paper Girls #1-5)",21.71,4,In stock,43420.0,Low,Medium
"Ouran High School Host Club, Vol. 1 (Ouran High School Host Club #1)",29.87,3,In stock,59740.0,Low,Medium
Origins (Alphas 0.5),28.99,1,In stock,57980.0,Low,Low
One Second (Seven #7),52.94,2,In stock,105880.0,Medium,Low
On the Road (Duluoz Legend),32.36,3,In stock,64720.0,Low,Medium
Old Records Never Die: One Man's Quest for His Vinyl and His Past,55.66,2,In stock,111320.0,Medium,Low
Off Sides (Off #1),39.45,5,In stock,78900.0,Low,High
Of Mice and Men,47.11,2,In stock,94220.0,Medium,Low
Myriad (Prentor #1),58.75,4,In stock,117500.0,Medium,Medium
My Perfect Mistake (Over the Top #1),38.92,2,In stock,77840.0,Low,Low
"Ms. Marvel, Vol. 1: No Normal (Ms. Marvel (2014-2015) #1)",39.39,4,In stock,78780.0,Low,Medium
Meditations,25.89,2,In stock,51780.0,Low,Low
Matilda,28.34,1,In stock,56680.0,Low,Low
Lost Among the Living,27.7,4,In stock,55400.0,Low,Medium
Lord of the Flies,24.89,3,In stock,49780.0,Low,Medium
Listen to Me (Fusion #1),58.99,3,In stock,117980.0,Medium,Medium
Kitchens of the Great Midwest,57.2,5,In stock,114400.0,Medium,High
Jane Eyre,38.43,5,In stock,76860.0,Low,High
Imperfect Harmony,34.74,4,In stock,69480.0,Low,Medium
Icing (Aces Hockey #2),40.44,4,In stock,80880.0,Medium,Medium
"Hawkeye, Vol. 1: My Life as a Weapon (Hawkeye #1)",45.24,3,In stock,90480.0,Medium,Medium
Having the Barbarian's Baby (Ice Planet Barbarians #7.5),34.96,4,In stock,69920.0,Low,Medium
"Giant Days, Vol. 1 (Giant Days #1-4)",56.76,4,In stock,113520.0,Medium,Medium
"Fruits Basket, Vol. 1 (Fruits Basket #1)",40.28,5,In stock,80560.0,Medium,High
Frankenstein,38.0,2,In stock,76000.0,Low,Low
Forever Rockers (The Rocker #12),28.8,3,In stock,57600.0,Low,Medium
Fighting Fate (Fighting #6),39.24,3,In stock,78480.0,Low,Medium
Emma,32.93,2,In stock,65860.0,Low,Low
"Eat, Pray, Love",51.32,3,In stock,102640.0,Medium,Medium
Deep Under (Walker Security #1),47.09,5,In stock,94180.0,Medium,High
Choosing Our Religion: The Spiritual Lives of America's Nones,28.42,4,In stock,56840.0,Low,Medium
Charlie and the Chocolate Factory (Charlie Bucket #1),22.85,3,In stock,45700.0,Low,Medium
Charity's Cross (Charles Towne Belles #4),41.24,1,In stock,82480.0,Medium,Low
Bright Lines,39.07,5,In stock,78140.0,Low,High
Bridget Jones's Diary (Bridget Jones #1),29.82,1,In stock,59640.0,Low,Low
Bounty (Colorado Mountain #7),37.26,4,In stock,74520.0,Low,Medium
Blood Defense (Samantha Brinkman #1),20.3,3,In stock,40600.0,Low,Medium
"Bleach, Vol. 1: Strawberry and the Soul Reapers (Bleach #1)",34.65,5,In stock,69300.0,Low,High
Beyond Good and Evil,43.38,1,In stock,86760.0,Medium,Low
Alice in Wonderland (Alice's Adventures in Wonderland #1),55.53,1,In stock,111060.0,Medium,Low
"Ajin: Demi-Human, Volume 1 (Ajin: Demi-Human #1)",57.06,4,In stock,114120.0,Medium,Medium
A Spy's Devotion (The Regency Spies of London #1),16.97,5,In stock,33940.0,Very Low,High
1st to Die (Women's Murder Club #1),53.98,1,In stock,107960.0,Medium,Low
"1,000 Places to See Before You Die",26.08,5,In stock,52160.0,Low,High
